Timestamp (s),Fx (N),Fy (N),Fz (N),Mx (Nmm),My (Nmm),Mz (Nmm),Fx_kalman (N),Fy_kalman (N),Fz_kalman (N),Mx_kalman (Nmm),My_kalman (Nmm),Mz_kalman (Nmm),Fx_Lowpass (N),Fy_Lowpass (N),Fz_Lowpass (N),Mx_Lowpass (Nmm),My_Lowpass (Nmm),Mz_Lowpass (Nmm)
0.0,-0.0576172395294779,0.0334020355827962,2.6349815603823967,2.954622832093865,-108.743428864805,-1.9778080298047345,-0.05487382273443562,0.0329382985060707,2.5095181968749976,3.203049270214027,-103.56566346794732,-1.9760131685009965,-0.0556450055480366,0.0328328074783068,2.6219424254776147,3.2490579930196155,-108.77641475770888,-2.016201091213887
0.1096632480621337,-0.0513951038451302,0.0312375107667214,2.64549756031216,3.2578285045243334,-107.40560651525624,-1.916001528873336,-0.05317505918775484,0.0318871538755037,2.5759210287962717,3.2369046988954864,-105.4408236857369,-1.9389239354904948,-0.0535200546965834,0.0320351591225141,2.633719992894888,3.2534432487719727,-108.09101063648257,-1.9661013100436089
0.2093868255615234,-0.0475276453013707,0.0251312723382157,2.6223430650539665,2.6003311234618494,-107.76848751323922,-2.247284373865634,-0.05131701615736329,0.0277117894614918,2.5911942392710965,2.8434805929374605,-106.20664316325254,-2.1295011671921493,-0.050523849998977,0.0285832157303649,2.628031528974427,2.9268871861169075,-107.9297490748609,-2.1066928419546187
0.3177034854888916,-0.0541838834753241,0.0285945120439353,2.6335344044287594,3.036295300300633,-107.45702708540442,-1.757776886488962,-0.05202997619567836,0.0282573420200789,2.601723797295618,2.962646635618768,-106.51760061965832,-1.8997629272739704,-0.0523538667371506,0.0285888638871501,2.6307829667015934,2.981591243208772,-107.69338808013264,-1.9322348642217868
0.4228560924530029,-0.060327091434289,0.0315792778429437,2.620702954973177,1.533243558895773,-107.7799863290099,-1.6910258654830503,-0.05369305901709805,0.0303104112670552,2.605528000345816,2.079226950580278,-106.77063458710987,-1.770756328375393,-0.0563404790857198,0.0300840708650469,2.625742960837385,2.2574174010522654,-107.7366872045713,-1.8116303648524197
0.5206961631774902,-0.062287129947963,0.0286400809874316,2.576323505728308,-0.6320348674937577,-110.53037337685336,-1.478411502279032,-0.05513994327654913,0.0292780903818097,2.600611177584261,0.4035749946106968,-107.40361829393389,-1.5900772894126671,-0.0593138045168415,0.0293620759262393,2.601033233282846,0.812691266779261,-109.13353029071236,-1.6450209335657338
0.61531662940979,-0.0527500297975357,0.0178174569070576,2.61259888163281,4.193039136839147,-109.23216188021546,-1.1520731773612614,-0.054792065318302594,0.0221950293618081,2.6023561185811186,2.745592633656837,-107.6697827450516,-1.319375860952686,-0.0560319171571886,0.0235897664166485,2.606816057457828,2.502865201809197,-109.18284608546386,-1.3985470554634976
0.7266266345977783,-0.0522369995825472,0.0120529855547743,2.6073891201997164,3.805450073928217,-108.92442782395906,-2.566205918671645,-0.05446351822267024,0.0159269015736708,2.6030032949104642,3.400620554974008,-107.83111323097846,-2.0899592148179984,-0.0541344583698679,0.0178213759857113,2.607102588828772,3.1541576378687037,-109.0536369547115,-1.9823764870675704
0.8383569717407227,-0.0565648698577067,0.0325817945998626,2.6498390281730715,3.084695241404404,-111.61062983485864,-2.7788202818756567,-0.05470623141072288,0.0262201915428509,2.608412979774917,3.205367973281533,-108.26766012247943,-2.5156987677861515,-0.0553496641137873,0.0252015852927869,2.6284708085009214,3.1194264396365625,-110.33213339478506,-2.3805983844716145
0.9446866512298584,-0.0535919255349527,0.0401006702767539,2.640770184196945,4.217762650722619,-108.83527060926842,-2.373369635765691,-0.0545890642543263,0.0347987991805231,2.6118152786530877,3.831062293969623,-108.32734329217642,-2.42773452660823,-0.05447079482437,0.0326511277847704,2.634620496348933,3.6685945451795874,-109.58370200202673,-2.376984010118653
1.0458593368530271,-0.0511451660480845,0.0379589299324273,2.601118111067289,2.936114897228393,-109.80030511991885,-2.692291180571696,-0.0542557690254635,0.0367518673940937,2.6107800230487754,3.277954384640303,-108.46989429690525,-2.5912395307075897,-0.0528079804362272,0.0353050288585989,2.617869303708111,3.30235472120399,-109.6920035609728,-2.5346375953451687
1.1541547775268557,-0.0527368751766386,0.0284578052134464,2.62755282648706,3.923765429235729,-111.16977844810212,-1.2386022786652138,-0.05411922282760133,0.0316258550616485,2.612287872026345,3.6770875605103406,-108.71260968863555,-1.755263734496152,-0.0527724278064329,0.0318814170360226,2.6227110650975853,3.61306007521986,-110.43089100453744,-1.8866199370051984
1.2548635005950928,-0.0598403704610948,0.0246300139597562,2.5931105147904967,1.004143280516164,-109.81523373977804,-1.8096943472713372,-0.054600737004096456,0.0273021874807856,2.6106738305842554,2.0251171454393173,-108.80541084427456,-1.7889037032197006,-0.0563063991337638,0.0282557154978894,2.607910789944041,2.3086016778680047,-110.12306237215776,-1.848157142138266
1.364511489868164,-0.0578408680847293,0.0256780996601714,2.5631061480184223,1.389447253427246,-108.84213792862732,-1.446272121794717,-0.05485777221922983,0.0262984460069312,2.6069003506794495,1.6322515465508758,-108.8083243541891,-1.5771457402799245,-0.0570736336092466,0.0269669075790304,2.585508468981232,1.849024465647631,-109.4826001503925,-1.647214631966493
1.465183973312378,-0.0529868129736843,0.0204148866863474,2.59812732209644,3.087603470935264,-109.481695139212,-0.7021218505806814,-0.05471705405304574,0.0226622063719842,2.606240515625842,2.5317085014129965,-108.8589697662984,-1.0363512354776567,-0.0550302232914654,0.0236908971326889,2.591817895538836,2.46831396829144,-109.48214764480224,-1.174668241273583
1.5705180168151855,-0.057156827798078,0.0218047394629849,2.6342097438737904,5.5106620639848,-108.88196596796276,-0.1236130018628021,-0.05489193077299714,0.0221322626779943,2.608245278118894,4.372803053989955,-108.86061807501005,-0.4722479842721263,-0.0560935255447717,0.0227478182978369,2.6130138197063126,3.9894880161381217,-109.18205680638256,-0.6491406215681952
1.665236234664917,-0.0620635013927116,0.0262021425103789,2.6319907714115467,3.050771552302677,-110.5258796858007,-1.1347673571004684,-0.05538405522286184,0.0246475867445357,2.6098747311973156,3.5557426517491635,-108.97489094458737,-0.8817074748853084,-0.0590785134687417,0.024474980404108,2.6225022955589297,3.5201297842204013,-109.8539682460916,-0.8919539893343238
1.785325288772583,-0.0582091974698493,0.0324678722411218,2.6228254503718453,4.20048763876035,-107.52221096222377,-2.1558107524871666,-0.0555704105064735,0.0294807889831537,2.610729001437095,3.954216967798171,-108.879067596082,-1.6691466056208988,-0.0586438554692955,0.0284714263226149,2.622663872965388,3.8603087114903687,-108.68808960415772,-1.523882370910746
1.8830962181091309,-0.0607743485447918,0.0363640169100564,2.615879101794388,3.852353579069185,-109.62617348012368,-1.789916266973291,-0.055901579259437964,0.0337348577942921,2.6110567440620853,3.891261931354428,-108.92661199844203,-1.7437863611464903,-0.0597091020070436,0.0324177216163356,2.6192714873798875,3.856331145279782,-109.15713154214068,-1.6568993189420151
1.9850308895111084,-0.0526053289676672,0.0282299604959648,2.635849853954579,2.701250526219347,-109.2061621946398,-1.609441284253606,-0.0556985463345111,0.0303326441593483,2.612583878585842,3.15579443598093,-108.94383092569996,-1.6607565374054722,-0.0561572154873554,0.0303238410561502,2.6275606706672336,3.278790835749561,-109.18164686839025,-1.6331703015978096
2.0904057025909424,-0.0567095706875752,0.0288679257049132,2.6173262577480245,3.817932771457684,-110.12918355611966,-1.5946077240300678,-0.05575899810956056,0.0294273983705582,2.612867437767619,3.5650184325598424,-109.01470624176059,-1.6198743224239962,-0.0564333930874653,0.0295958833805317,2.6224434642076293,3.548361803603622,-109.655415212255,-1.613889012813937
2.1921677589416504,-0.0546179859649298,0.0311691573514769,2.6144319458407503,5.791248556725119,-109.13668747921564,-1.1990461180691234,-0.05569259520998803,0.0305038646209763,2.612958486642909,4.940904316072881,-109.02180512138126,-1.3597881887080998,-0.0555256895261975,0.0303825203660043,2.6184377050241894,4.669805180164374,-109.39605134573532,-1.406467565441531
2.2990710735321045,-0.0609058947537632,0.022693333861163,2.602951175275229,4.188919616289176,-108.11952350323668,-0.8356238925925048,-0.0559885991365571,0.0256766911412352,2.6123902853657026,4.476152212586676,-108.97057482095458,-1.0358368380194936,-0.0582157921399804,0.0265379271135837,2.610694440149709,4.429362398226779,-108.757787424486,-1.1210457290170162
2.399742364883423,-0.0565911790995009,0.0192300941554433,2.6054595789282007,3.1818050957315336,-108.97589910721923,-0.6131204892394688,-0.056022051659139246,0.0216924750922432,2.6120055237940134,3.67620170112977,-108.97087040132143,-0.7745837668731852,-0.0574034856197407,0.0228840106345135,2.608077009538955,3.805583746979156,-108.86684326585262,-0.8670831091282398
2.5109610557556152,-0.0584065167833064,0.0191389562684507,2.5930140377269217,1.5613775012533573,-108.811015037884,-1.2732139191868033,-0.05615173645697674,0.0201143136682268,2.6109726267277984,2.369168465375349,-108.96217628779446,-1.0827541488185393,-0.0579050012015235,0.021011483451482,2.600545523632938,2.6834806241162568,-108.83892915186831,-1.070148514157525
2.6220335960388184,-0.0540260280245584,0.0194351544011767,2.593303468917649,3.2150146123239267,-108.00252106255532,-1.626747104514397,-0.05603827133946948,0.0196945701574154,2.610029490295441,2.8919301334426954,-108.9109522387962,-1.4189602850790966,-0.055965514613041,0.0202233189263294,2.5969244962752938,2.9492476182200957,-108.42072510721182,-1.3484478093359584
2.7174692153930664,-0.0483826956596849,0.024014833222556,2.595329487252741,0.8591853383803496,-108.8100305319852,-1.752832366414447,-0.05563656954378303,0.0223646395720131,2.609258154753107,1.6356247596397395,-108.9056566957116,-1.6253045792390104,-0.0521741051363629,0.0221190760744427,2.596126991764017,1.904216478300221,-108.61537781959848,-1.5506400878752036
2.8181521892547607,-0.0545127489977526,0.0332197598088109,2.597741413842136,1.191505834029151,-109.12348863957092,-1.8393614677183996,-0.055578515338432666,0.029073472830321,2.6086632241441463,1.3611441685653105,-108.9169094357023,-1.7575990118453184,-0.0533434270670577,0.0276694179416268,2.596934202803077,1.547861156164679,-108.86943322958474,-1.695000777796805
2.932309865951538,-0.0551441708008154,0.0302577784815507,2.620895909100329,2.931945722326596,-107.60102034035506,-1.938251869208642,-0.05555639619114097,0.0298054139758495,2.609286177898332,2.331952918370924,-108.8498973238908,-1.8692486178606469,-0.0542437989339366,0.0289635982115888,2.608915055951704,2.2399034392456407,-108.23522678496988,-1.816626323502723
3.035940647125244,-0.0548547691410783,0.0287995722896687,2.652347431826042,1.85467710168151,-108.94654899862046,-1.661358745035976,-0.05552112886974638,0.0291837696264883,2.61145065414221,2.036980241648507,-108.85475552551759,-1.7407656105380998,-0.0545492840375074,0.0288815852506287,2.6306312438888724,2.047290270463592,-108.59088789179518,-1.7389925342693535
3.141487598419189,-0.0564727875114267,0.0296425977443504,2.6491636887280405,1.9891904746787432,-109.11022475283754,-2.257173414014659,-0.05556839689399147,0.0294673409983212,2.613323826470064,2.0074445413467643,-108.86744445104398,-2.059923185142294,-0.0555110357744671,0.0292620914974896,2.639897466308456,2.018240372571164,-108.85055632231636,-1.9980829741420028
3.2532591819763184,-0.053986564161867,0.0273413660977867,2.6289035053771213,2.508991269136448,-108.5079047668576,-2.4500096969206204,-0.05549068055973178,0.0281534162505617,2.6140892648814775,2.31741746606707,-108.8497800635848,-2.3010099079741853,-0.054748799968167,0.0283017287976382,2.634400485842788,2.263615820853804,-108.67923054458691,-2.2240463355313143
3.3487584590911865,-0.0498033947165761,0.0206883003473253,2.6300612301400306,3.0805095150520074,-108.51713800334078,-1.955557689469433,-0.05521403164220468,0.0235397208924042,2.614866195568877,2.789034288884551,-108.83359922294686,-2.087508695449188,-0.0522760973423716,0.0244950145724817,2.6322308579914098,2.6720626679529005,-108.5981842739639,-2.089802012500373
3.464932680130005,-0.0576830126339636,0.0175668277178279,2.605652533055352,4.809222256955838,-109.43473959216306,-1.8640840680909656,-0.05533304213697451,0.0198482698993438,2.6144220760969015,4.03757911681619,-108.86257555488515,-1.94942468181803,-0.0549795549881676,0.0210309211451548,2.6189416955233806,3.740642462454364,-109.01646193306344,-1.9769430402956691
3.559445858001709,-0.0539602549200727,0.0182731463420208,2.5994780009865,0.7089844223619792,-109.06989729356438,-2.2942573145734926,-0.055267419504209346,0.0188747900044375,2.613707712253102,1.9803944608709187,-108.87248604804394,-2.162542969291019,-0.0544699049541202,0.0196520337435878,2.609209848254941,2.224813442408177,-109.04317961331388,-2.135600177434581
3.6659865379333496,-0.0535919255349528,0.0130782867834413,2.57304328556673,0.9434942473330992,-108.52121936670292,-1.705859425706592,-0.05518793430994432,0.0152923539979636,2.6117785976671053,1.3395548859625208,-108.85582200692082,-1.8802970172530955,-0.0540309152445364,0.0163651602635145,2.591126566910836,1.5841538448706451,-108.7821994900084,-1.920729801570584
3.765960216522217,-0.0565911790995009,0.0174529053590872,2.587804276293828,2.09014806077095,-109.5411913438372,-0.9666536745670644,-0.055254042168566525,0.0166276481735778,2.6106491503606173,1.803446979717819,-108.8881102431331,-1.3156343778780588,-0.0553110471720187,0.0169090328113008,2.589465421602332,1.8371509528207997,-109.1616954169228,-1.443691738068825
3.876909732818604,-0.0594062679714891,0.0077922893378692,2.612212973378507,2.8031609707045675,-108.38681434001928,-1.809694347271336,-0.05544841513236777,0.0111670961103082,2.6107223556556267,2.421304205176444,-108.86464370372643,-1.6209802314438375,-0.0573586575717539,0.012350661074585,2.6008391974904197,2.32015596176268,-108.774254878471,-1.6266930426700783
3.971948385238648,-0.0656547128976312,0.0058100402957796,2.5952330101891654,-0.8238880390452579,-109.4452902811702,-2.076698431294973,-0.05592341674508609,0.0078562535372993,2.6100014807364604,0.415665098219879,-108.89166702472377,-1.9026295682437608,-0.0615066852346926,0.0090803506851823,2.598036103839792,0.748133961358711,-109.1097725798206,-1.851695736982528
4.081793785095215,-0.0600903082581405,0.006744203637454,2.625623285215544,-0.6010805332918387,-109.39905796327837,-2.543955578336343,-0.05611631459777621,0.007168968902009,2.610724660720801,-0.2127182599673389,-108.91515566660826,-2.298990840350328,-0.0607984967464165,0.0079122771613182,2.611829694527668,0.0735267140334343,-109.2544152715495,-2.197825657659431
4.192851543426514,-0.060050844395449,0.0159719146954571,2.640673707133369,2.06284603621862,-108.44410338965083,-2.202783693195021,-0.0562975713618358,0.0126094886034828,2.6121043598255387,1.193657818661329,-108.893455129107,-2.2395315534476854,-0.0604246705709327,0.0119420959283876,2.626251700830519,1.0681863751260394,-108.8492593306002,-2.200304675427228
4.298687696456909,-0.0627606963002601,0.0267717543040828,2.641445523641976,2.512437995803591,-108.29719408452615,-0.862818753002319,-0.0565939937451799,0.0213622501641605,2.613450052163443,2.008708791824855,-108.86610843201947,-1.3886762500253944,-0.0615926834355964,0.0193569251162352,2.633848612236247,1.7903121854648063,-108.57322670756317,-1.5315617142147744
4.39935302734375,-0.0643918692915056,0.0286400809874316,2.6435680190406434,4.281671264182659,-108.94144783861128,-1.7132762058183602,-0.056950180021399927,0.0258601969773137,2.6148257610222956,3.413476854894977,-108.86954973632436,-1.5892900554521532,-0.062992276363551,0.0239985030518334,2.638708315638445,3.0359917248237416,-108.75733727308722,-1.622418960016562
4.494874000549316,-0.0581697336071579,0.027386935041283,2.644532789676401,3.4098638510927906,-107.6193280511908,-2.1780610928224675,-0.057005679055532346,0.026803772992765,2.6161776584842036,3.411243895743759,-108.81265506864709,-1.9531705681385445,-0.0605810049853545,0.0256927190465582,2.6416205526574235,3.2229277879582767,-108.18833266213905,-1.9002400264195105
4.60658073425293,-0.0552099439053011,0.0216224636889996,2.6239831751347547,4.681330548508029,-108.76340793156136,-1.2707416591495395,-0.05692423699632009,0.023601547736812,2.6165316624413877,4.196200615809651,-108.81042156096414,-1.5314063074778304,-0.0578954744453278,0.0236575913677789,2.632801863896089,3.952129168233153,-108.47587029685025,-1.585490842784532
4.702934741973877,-0.0621161198763002,0.0188199736639765,2.6144319458407503,2.7618168021493688,-108.74238702299944,-1.2336577585907058,-0.05715897300126115,0.0206463724400744,2.6164367298133344,3.3097026660549,-108.80734557562144,-1.34738758416462,-0.060005797160814,0.0212387825158778,2.6236169048684195,3.356972985191259,-108.60912865992483,-1.4095743006876162
4.814612865447998,-0.0601692359835233,0.0221920754827035,2.6331484961744565,0.9608736484325108,-108.15275212274976,-1.7478878463399337,-0.05729468655877973,0.0216016694569333,2.617190156765947,1.858046499402235,-108.77783413202297,-1.5949103586922142,-0.0600875165721686,0.0217154289992906,2.6283827005214384,2.158923316811883,-108.38094039133732,-1.5787310735137776
4.910595655441284,-0.0516318870212787,0.0272730126825423,2.623500789816876,1.1440835784943104,-109.1625857385674,-1.782499486861516,-0.057040050629349866,0.0251067523322261,2.6174739234614783,1.4167931475739834,-108.79513504163195,-1.710846815820803,-0.0558597017967237,0.0244942208409165,2.625941745169157,1.6515034476530914,-108.77176306495232,-1.6806152801876415
5.022109746932983,-0.051092547564496,0.0313970020689585,2.616072055921539,1.1844036024205664,-108.78874172388672,-2.175588832785209,-0.05677324834328953,0.0289943404672518,2.617411036320382,1.2731685100390422,-108.79484824030182,-1.9980731783049863,-0.0534761246806098,0.0279456114549374,2.6210069005453485,1.4179535250368218,-108.78025239441956,-1.9281020564864289
5.12332558631897,-0.0597088242521234,0.0413538162229024,2.637586441098944,1.2456375917999232,-108.6367455927296,-2.00994741028907,-0.05690465064483685,0.0366329165673742,2.618314128151383,1.2561534668257792,-108.78777124675203,-2.005411857261448,-0.0565924744663666,0.03464971383892,2.629296670822145,1.331795558418385,-108.70849899357457,-1.9690247333877464
5.239284038543701,-0.0585380629922778,0.0401918081637466,2.634499175064517,0.3442678913338071,-109.92669293641929,-1.6984426455948185,-0.056977620103236135,0.0388324325362087,2.619037163035544,0.6925771873209818,-108.83865031533776,-1.8156944509517103,-0.0575652687293222,0.0374207610013333,2.631897922943332,0.8380317248760853,-109.31759596499694,-1.8337336894912823
5.341109752655029,-0.0542628112007069,0.0339260784330037,2.645401083248584,2.431070419282918,-109.8694182207644,-1.3300759000436866,-0.056856561930028346,0.0358001389395855,2.62021277728103,1.7670250938851133,-108.88461409551982,-1.5155656809230784,-0.0559140399650145,0.0356734197171685,2.6386495030959582,1.6345510720794962,-109.5935070928807,-1.5819047947674836
5.451071739196777,-0.0523422365497243,0.0310096660492398,2.631604863157244,3.1776142889456267,-107.97977037377892,-0.5364804280845394,-0.05665559486926144,0.0328394638711669,2.6207199259293166,2.6388171605958703,-108.84433259875287,-0.9104577167850768,-0.0541281382573695,0.0333415428832042,2.6351271831266008,2.406082680512576,-108.7866387333298,-1.0591926114260133
5.547179222106934,-0.0560518396427181,0.0242654624117857,2.605556055991776,3.452323197255282,-109.23015757766969,-0.4178119462962488,-0.056628757995576956,0.0275404395496781,2.6200458930693253,3.1415915413045994,-108.86148248958328,-0.6059858862091012,-0.0550899889500439,0.028803502647495,2.6203416195591887,2.9292029388839183,-109.00839815549976,-0.7385022788611231
5.658145427703857,-0.0519475979228101,0.0086353147925509,2.5931105147904976,2.810752045097608,-106.54844925782275,-0.9097916937101777,-0.056420970195346046,0.0158564298882164,2.6188502828116236,2.9371214878277883,-108.75881133977907,-0.7937482012243802,-0.053518793436427,0.018719408720023,2.6067260671748427,2.869977491990767,-107.77842370666124,-0.8241469862856494
5.753774881362915,-0.0564464782696323,0.0103669346454107,2.6168438724301453,0.5809469461505117,-110.36313001318857,-1.8739731082399944,-0.056422101010093054,0.0124637352470817,2.618761335350421,1.4809255376440262,-108.82993341643741,-1.4613639092542223,-0.0549826358530297,0.0145431716827169,2.6117849698024944,1.7254622190706357,-109.07077685992488,-1.3490600472628227
5.8647520542144775,-0.0560781488845124,0.0128276575942116,2.6289035053771217,3.526972995814696,-109.26486241183744,-1.411660481273131,-0.05640687078556274,0.0126886516268736,2.619210431358973,2.7454524093888324,-108.84919210321978,-1.4306455014045252,-0.0555303923687711,0.0136854146384642,2.620344237589808,2.626217607442669,-109.16781963588116,-1.3803602642679795
5.962411880493164,-0.0639577668019,0.0179085947940503,2.6233078356897246,3.2840866377052933,-108.9890692789106,-0.9963207950141352,-0.05674086931349509,0.0159147539235316,2.6193916717060595,3.07834666999247,-108.855379285598,-1.162218070701444,-0.0597440795853355,0.0157970047162573,2.6218260366397663,2.955152122573981,-109.07844445739582,-1.188340529641053
6.072223901748657,-0.0666939279485053,0.0290729859506466,2.631508386093668,3.0352132255945854,-109.0809981156212,-1.3399649401927078,-0.05718069432178605,0.0240469885481461,2.6199271085201503,3.0516887353027187,-108.8653493668991,-1.2720716774409375,-0.0632190037669204,0.0224349953334519,2.626667211366717,2.99518267408428,-109.07972128650852,-1.2641527349168804
6.166996955871582,-0.0604323284014661,0.0284805896851945,2.634499175064517,3.599069110881185,-108.81385170699266,-1.8220556474576155,-0.05732425598294858,0.0267871047434022,2.6205704742951474,3.389988412184902,-108.86307571327725,-1.6119804641788529,-0.0618256660841933,0.0254577925093232,2.6305831932156174,3.297125892482743,-108.9467864967506,-1.5431041911872487
6.299074411392212,-0.0572094462816666,0.0206199469320808,2.6076785513904435,3.773556237492063,-109.29683200312034,-1.4413276017202037,-0.05731919118748527,0.0229755916020212,2.6200017509911757,3.627046365215605,-108.88221074162809,-1.5065111949019503,-0.0595175561829299,0.023038869720702,2.61913087230303,3.5353410649873998,-109.12180924993544,-1.4922158964537289
6.400004386901856,-0.0628396240256429,0.0223515667849406,2.587321890975949,4.390436978667477,-109.40627256323909,-1.3053532996711308,-0.05756254222841407,0.022589923055242,2.6185611614241506,4.098847711021495,-108.90531237034796,-1.382188778543906,-0.0611785901042864,0.0226952182528213,2.60322638163949,3.962889021827447,-109.2640409065873,-1.3987845980624272
6.485031604766846,-0.0594457318341806,0.02927804619638,2.635946331018155,2.488206519996403,-108.93350229831158,-1.349853980341729,-0.057645500277443064,0.02672341047741,2.619327010888878,3.1034167112873696,-108.9065541897691,-1.3622047742355932,-0.0603121609692335,0.0259866322246007,2.6195863563288224,3.225547770911924,-109.09877160244945,-1.374319289202079
6.598733901977539,-0.0568279622756495,0.026202142510379,2.6199311384645707,1.6818239030717876,-110.68577064414556,-1.339964940192706,-0.05760950859732582,0.0264012491565382,2.619353607287341,2.224824037647732,-108.98488325746352,-1.348459800892936,-0.0585700616224415,0.0260943873674898,2.619758747396697,2.453685836991852,-109.89227112329748,-1.3571421146973943
6.707768201828003,-0.0532762146334214,0.0182275773985245,2.6234043127533,1.4490358437883302,-109.01550996013016,-1.5525793033967137,-0.05741884616219771,0.0213496421972006,2.619531835991546,1.7453605657717404,-108.9862308147165,-1.4746125912069932,-0.0559231381279314,0.0221609823830071,2.6215815300749985,1.9513608403901088,-109.45389054171382,-1.4548607090470576
6.81997275352478,-0.0552230985261983,0.0266578319453421,2.657364239131984,1.0353891502454076,-109.69936023314948,-2.2547011539774022,-0.05732228480414516,0.0246302838802858,2.62119557373888,1.306574099935581,-109.01759177076725,-1.9567338372341627,-0.0555731183270648,0.0244094071641746,2.6394728846034914,1.493374995317751,-109.57662538743168,-1.8547809315122308
6.9123923778533936,-0.0574593840787123,0.0314425710124548,2.6584254868313177,0.6438015073722276,-109.74429714367596,-2.6824021404226723,-0.05732831108533447,0.0288405088690898,2.6228320369926554,0.8969581109195488,-109.04953454313241,-2.4052215131631254,-0.0565162512028886,0.0279259890883147,2.648949185717404,1.0685882513449911,-109.6604612655538,-2.2685915359674524
7.034104347229004,-0.058932701619192,0.0392804292938203,2.619159321955965,2.797569841367732,-109.64643478039324,-2.284368274424468,-0.057398802350121236,0.0352927345314175,2.622670670839793,2.071600759753266,-109.07576023556084,-2.330530103972136,-0.0577244764110403,0.0336032091910675,2.634054253836684,1.933079046356358,-109.6534480229735,-2.276479905195961
7.124944925308228,-0.0530262768363757,0.0328324237890923,2.6429891566591883,1.988020562286145,-109.98127541111953,-1.8912789285007712,-0.05720676543938532,0.033772178869774,2.6235630382451567,2.019945356932165,-109.11552954883119,-2.059057947932491,-0.055375376623708,0.0332178164900799,2.6385217052479364,1.960549804321257,-109.81736171704652,-2.083879416848367
7.242289543151855,-0.048303767934302,0.02693124560632,2.6274563494234844,2.8414708887076685,-108.07781354435087,-2.393147716063728,-0.05681589705491344,0.0295442495981897,2.6237339663229924,2.5276760581952544,-109.06997069317833,-2.265536779931164,-0.051839572279005,0.0300745310481999,2.63298902733571,2.401010346514472,-108.94758763069868,-2.238513566456044
7.326541662216186,-0.0504085072778446,0.0362273100795675,2.6518650465081626,3.298349030999564,-108.7971646389656,-2.568678178708904,-0.0565346869700109,0.0336746081245524,2.624968594420004,3.003978149599245,-109.05799767197372,-2.45288846777299,-0.0511240397784248,0.0331509205638837,2.6424270369219367,2.8496796887570177,-108.87237613483217,-2.4035958725824784
7.43875527381897,-0.0500927963763132,0.0414677385816433,2.6842813398696337,2.86774049290576,-109.00880911408385,-2.563733658634389,-0.05625204873465683,0.0384910276257966,2.6275709437558166,2.919778647215036,-109.05583952181588,-2.521394563214804,-0.050608418077369,0.0373093295727635,2.663354188395785,2.858710090831387,-108.940592624458,-2.483664765608438
7.53289270401001,-0.0545785221022383,0.0426297466407992,2.661319798738592,3.850703099617444,-109.65777374564618,-1.7923885270105444,-0.05617864311238626,0.0410488966469536,2.629051264207813,3.495121599758111,-109.08224206325758,-2.070844054836746,-0.0525934700898037,0.0399695381067813,2.6623369935671883,3.354706595224414,-109.29918318505209,-2.138026646309493
7.650122404098511,-0.0528552667647128,0.0433816342084883,2.641734954832704,1.9024290760783809,-108.42882748918974,-1.9283628290596135,-0.05603290750016949,0.0424906077468156,2.6296074652590966,2.510783486496191,-109.05358874114744,-1.982785814547734,-0.0527243684272582,0.0416755861576348,2.6520359741999457,2.6285678356513955,-108.86400533712094,-2.033194737684555
7.748887062072754,-0.0556045825322153,0.0406702820704578,2.630350661330758,4.323106465716204,-108.38893440276568,-2.551372358448111,-0.05601412910472695,0.0413655846082324,2.629640048066005,3.6308606862466313,-109.02444931913722,-2.334191624223996,-0.0541644754797368,0.0411729341140463,2.641193317765352,3.4758371506838053,-108.6264698699433,-2.292283548066333
7.863213062286377,-0.0538418633319985,0.0375260249692123,2.6437609731677947,5.787233425312284,-109.04719731789989,-2.0346700106616264,-0.05591891405036475,0.0389926062494857,2.6302589984118105,4.963572331402919,-109.02544641257118,-2.149077086677238,-0.0540031694058676,0.0393494795416293,2.642477145466573,4.631535287998034,-108.83683359392155,-2.1634767793639806
7.946791410446167,-0.059577278043152,0.0357944051163525,2.609125707344081,2.21487630235362,-110.39463656366898,-0.8751800531885934,-0.05607923676304019,0.0370160092463509,2.629332861330203,3.2647847607085865,-109.08544926620338,-1.3617654218135955,-0.0567902237245098,0.0375719423289909,2.625801426405327,3.423205795175832,-109.61573507879532,-1.5193284162762843
8.089024066925049,-0.0539207910573813,0.0297793045748394,2.601214588130865,1.473421363084487,-111.06702440005294,-1.7503601063771903,-0.05598466271545035,0.0325434797928117,2.628100836405635,2.157661294774396,-109.17227358637054,-1.6019301447214431,-0.0553555073909456,0.0336756234519151,2.613508007268096,2.448313579130158,-110.34137973942408,-1.634844261326739
8.168936729431152,-0.0538550179528956,0.0326273635433589,2.627359872359908,3.0427164623010903,-112.24431856595994,-2.257173414014653,-0.05589136578926694,0.0325953228017536,2.628068375748771,2.7046554702246297,-109.30685582221209,-2.006892756044243,-0.0546052626719206,0.033151493497637,2.620433939814002,2.7455150207156223,-111.292849152692,-1.9460088376706928
8.279359340667725,-0.0552362531470954,0.0397589032005316,2.6244655604526343,4.491807040874747,-109.41051268873196,-2.024780970512598,-0.05586267043987692,0.037022658969341,2.6279105646533116,3.8091758839341674,-109.31139621696252,-2.0179482805837363,-0.054920757909508,0.0364551983490843,2.622449750133318,3.618661030795185,-110.351680920712,-1.985394904091649
8.40688443183899,-0.056314932060661,0.0383918348956422,2.6164579641758428,4.48194742793245,-107.89703177162131,-2.2942573145734944,-0.05588247778042212,0.0378688562283733,2.6274089842685067,4.224971564788852,-109.24945242837545,-2.188716654988058,-0.0556178449850845,0.0374235166223633,2.61945385715458,4.05030422936381,-109.12435634616666,-2.139826109332571
8.502018690109253,-0.0494087560896619,0.0370931200059974,2.6283246429956657,1.1408704572773305,-109.03293459129102,-2.128615892077354,-0.055598988650002644,0.0373894248766405,2.627449081651237,2.3188922556055367,-109.23997094982455,-2.1515723407594365,-0.0525133005373732,0.0372583183141803,2.623889250075123,2.5955873433205774,-109.07864546872884,-2.13422100070496
8.5816330909729,-0.0450282673309139,0.0359311119468414,2.6199311384645707,1.962017666439472,-109.76329170453351,-1.597079984067328,-0.055136141506998824,0.0364881379197912,2.6271199027409073,2.09833162977975,-109.26288495057058,-1.8088772178216812,-0.0487707839341436,0.0365947151305109,2.621910194269847,2.27880250488002,-109.42096858663122,-1.8656504923861483
8.702908515930176,-0.0535919255349528,0.031032450520988,2.609801046789112,2.1004500574376976,-110.87660368594452,-1.2039906381436332,-0.05506853386187043,0.0331163376753363,2.626361662256147,2.09964089007508,-109.3335355108375,-1.4350367522419791,-0.0511813547345482,0.0338135828257494,2.615855620529479,2.1896262811588656,-110.14878613628784,-1.5348205652648872
8.803296327590942,-0.0564464782696324,0.0261793580386308,2.6180015971930555,1.6348192040854883,-109.3581660369788,-2.3980922361382437,-0.05512885619589841,0.0288290484805864,2.625995683313607,1.812365289425486,-109.33461376248309,-2.030237774341842,-0.0538139165020903,0.0299964704321901,2.616928608861267,1.9122227426221732,-109.75347608663336,-1.966456400701567
8.89868950843811,-0.0576830126339636,0.0326045790716107,2.624465560452634,1.7718181696315547,-110.67524200029696,-2.796126102136446,-0.0552406598869409,0.0311624547114044,2.6259287048854043,1.7873057912469292,-109.39329739793688,-2.50358279250573,-0.0557484645680269,0.0313005247519004,2.6206970846569506,1.842020456126864,-110.21435904346514,-2.381291251419011
9.004175662994385,-0.0599324528073748,0.0396905497852871,2.626781009978453,1.5675682530954411,-109.09661358550228,-2.1335604121518603,-0.055446018500624236,0.0364331073263545,2.6259660100681588,1.651500524065085,-109.38031162097334,-2.2748963848488977,-0.0578404586877009,0.0354955372685937,2.623739047317702,1.704794354611156,-109.65548631448368,-2.257425831785431
9.120577335357666,-0.0623923669151402,0.0382551280651533,2.632087248475123,2.9488280049162405,-107.38735722871432,-2.0865874714439947,-0.055750036325978636,0.0375591780711393,2.62623391566084,2.453293001770376,-109.29308684844409,-2.1585150759801106,-0.0601164128014205,0.0368753326668735,2.6279131478964124,2.326811179763688,-108.521421771599,-2.1720066516147174
9.226701259613035,-0.0526053289676672,0.0201186885536214,2.622536019181118,4.135598144439559,-107.69871623032516,-1.7231652459673796,-0.05561241243796659,0.026780362768877,2.62607208219495,3.4930147593886787,-109.22331136271637,-1.889454084035755,-0.0563608708845438,0.0284970106102475,2.6252245835387646,3.231204662101636,-108.11006900096208,-1.947585948791044
9.321539878845217,-0.0582486613325407,0.0233312990701113,2.6144319458407503,1.0718366152306764,-107.88046817497678,-2.410453536324523,-0.05572777730498441,0.0246487241736764,2.6255626982800493,1.9966443734806416,-109.16454721260209,-2.211449453670289,-0.0573047661085422,0.0259141548401794,2.6198282646897573,2.151520638666149,-107.99526858796942,-2.179019742557782
9.423274993896484,-0.0573804563533294,0.0321716741083957,2.627456349423484,1.975700183970936,-109.70299288968585,-2.0025306301772954,-0.05580009615549397,0.0292981629289968,2.625645561721742,1.9837001524968263,-109.1881088185095,-2.08233051986198,-0.0573426112309358,0.0290429144742875,2.6236423070566213,2.0636104113185425,-108.84913073882764,-2.090775186367541
9.534034490585327,-0.0538681725737927,0.035429853568382,2.640480753006217,4.363882229525721,-108.15545098649925,-1.545162523284949,-0.05571556226865074,0.0330877561526364,2.626294695255396,3.454733575514009,-109.14292350106436,-1.750342440308691,-0.0556053919023643,0.0322363840213348,2.632061530031419,3.2137463204221284,-108.50229086266344,-1.817968854826244
9.630598306655884,-0.0536050801558499,0.0321488896366476,2.615686147667236,5.754496200053737,-107.80840264482192,-2.0420867907733893,-0.05562321961256795,0.0325075047348561,2.62583052573909,4.876065043536226,-109.08453248238865,-1.93065036492164,-0.0546052360291071,0.0321926368289912,2.6238738388493275,4.484121260237938,-108.15534675374266,-1.9300278227998184
9.74222993850708,-0.0535919255349528,0.0343134144527224,2.6286140741863933,3.3752043575976245,-111.6931369166149,-1.8047498271968223,-0.05553434555477071,0.0336236183211112,2.6259523127557083,3.94848212724769,-109.1986652728164,-1.852839553405813,-0.0540985807820299,0.0332530256408568,2.6262439565178606,3.9296628089177794,-109.92424183517876,-1.8673888249983184
9.84975528717041,-0.0488694166328791,0.0227616872764075,2.596873120269953,2.9247225501302694,-108.94173669491931,-1.3721043206770371,-0.05524275004556353,0.0269105757520266,2.6246800768414786,3.3157639122809077,-109.18742445984154,-1.5557288399898344,-0.0514839987074545,0.0280073564586321,2.6115585383939077,3.427192679524037,-109.43298926504905,-1.6197465728376734
9.948845624923706,-0.0538155540902041,0.0084530390185657,2.575262258028973,2.706690807359045,-108.96538479734733,-1.208935158218145,-0.05518031140158326,0.0155031907021481,2.6225180880945738,2.939336031805773,-109.17771040804374,-1.3413985575712193,-0.0526497763988293,0.0182301977385989,2.5934103982114403,3.0669417434415465,-109.1991870311982,-1.4143408655279135
10.053679704666138,-0.0630369433391001,0.0059239626545204,2.560404790238299,1.605078046044337,-110.77358944954068,-1.352326240378991,-0.05552402137471262,0.0095829021827279,2.6198007710423123,2.114719246844235,-109.24752652604862,-1.3481522369646974,-0.0578433598689647,0.0120770801965597,2.5769075942248696,2.336009894742947,-109.98638824036942,-1.3833335529534505
10.185900688171388,-0.0569595084846209,0.0233768680136076,2.60960809266196,2.5710571763210552,-107.37332602250665,-2.583511738932432,-0.05558681883806478,0.0181080419058663,2.6193548775594433,2.396751597616664,-109.16553690968536,-2.111646397505901,-0.0574014341767928,0.0177269741050836,2.5932578434434146,2.453533535532003,-108.67985713143808,-1.9834226459429465
10.281593561172484,-0.0603139368133919,0.0314197865407066,2.6052666248010485,1.9113491867864416,-108.7911517313282,-2.185477872934236,-0.0557936078361664,0.0263351525397566,2.618738583299787,2.0967564095024507,-109.14915933325493,-2.157276758760164,-0.0588576854950923,0.0245733803228951,2.599262234122232,2.182441361159228,-108.73550443138312,-2.08445025943859
10.360806465148926,-0.0582223520907465,0.024014833222556,2.598320276223591,0.1157833036986701,-109.32180418086712,-1.7355265461536593,-0.05589985123818602,0.0249011163369737,2.6178454014000603,0.8724476993162824,-109.15671153885125,-1.8966207926068464,-0.0585400187929194,0.0242941067727256,2.5987912551729115,1.1491123324289525,-109.02865430612512,-1.909988402796124
10.472023010253906,-0.0578934865683179,0.0197541370056509,2.590698588201102,-0.3425530912212906,-108.61319891652556,-2.647790499901088,-0.05598705917721877,0.021720108170823,2.6166579136009593,0.1215359144060563,-109.13293657112524,-2.3608692030339995,-0.0582167526806186,0.0220241218891882,2.5947449216870067,0.4032796206038291,-108.82092661132532,-2.278889451348609
10.586790800094604,-0.0580644966399807,0.0239692642790597,2.6243690833890585,3.149501978472152,-109.53754435332417,-2.2645901941264217,-0.05607793099697666,0.0231101630917177,2.6169952176323283,1.992921858780143,-109.15063503190477,-2.301365503125965,-0.0581406246602997,0.0229966930841239,2.609557002538032,1.7763907995379853,-109.17923548232474,-2.2717398227375174
10.694990396499634,-0.058840619272912,0.0192073096836951,2.6219571567996627,2.9897463411975806,-110.5534856802083,-2.810959662359984,-0.05619877494020261,0.0206980670324514,2.6172122599603576,2.608993269732153,-109.21199772909169,-2.6163120140010125,-0.0584906219666059,0.0211020013839095,2.6157570796688474,2.3830685703677936,-109.8663605812665,-2.541349742548752
10.815258026123049,-0.0560781488845124,0.0228072562199037,2.598513230350742,1.885497139136909,-108.6367599267063,-3.0853805264953955,-0.056193498675503814,0.0220016176390007,2.616394351845345,2.161848070295253,-109.18683644123583,-2.9062122977748963,-0.0572843854255591,0.0219546288019066,2.607135155009795,2.1342828547523496,-109.2515602539864,-2.813365134522069
10.93067479133606,-0.0540523372663526,0.0308729592187509,2.6123094504420825,3.6480540081812585,-107.69176952990094,-2.440120656771594,-0.05609984432725504,0.0274844082610965,2.6162156783567663,3.080373854190721,-109.12144225069468,-2.618151821762643,-0.0556683613459559,0.0264137940103287,2.609722302725938,2.8911684314668022,-108.47166489194366,-2.6267428956468315
10.996763229370115,-0.0618004089747688,0.0332197598088109,2.6231148815625724,4.971977156739612,-108.27882132660174,-2.158283012524418,-0.05634918325961915,0.0310290504550133,2.616517444947949,4.249448988397489,-109.08458656804005,-2.333937267287478,-0.0587343851603624,0.0298167769095698,2.6164185921442558,3.9315727941032144,-108.37524310927272,-2.3925129540856283
11.103092193603516,-0.0507373728002731,0.0306451145012693,2.618966367828813,4.719206358511997,-109.1917186607416,-2.19042239300874,-0.05610372964223607,0.0307917649860964,2.6166245577922185,4.539775009594006,-109.08927239267399,-2.2452401970920555,-0.0547358789803178,0.0302309457054196,2.617692479986534,4.325389576307604,-108.78348088500718,-2.291467673547181
11.21970272064209,-0.0490272720836448,0.0318754759756697,2.6000568633679557,4.664618860857956,-108.58467346330777,-3.085380526495392,-0.05579421794575131,0.0314615352116345,2.6158999162373675,4.616932752961578,-109.06720213091104,-2.764475475982845,-0.0518815755319813,0.0310532108405447,2.6088746716772446,4.495004218582789,-108.68407717415748,-2.6884241000212814
11.316979885101318,-0.0568279622756495,0.0337210181872703,2.6121164963149317,4.437683558829278,-109.50807848452472,-2.9049055437757048,-0.055839431585382814,0.0328579724875792,2.615734438004501,4.5061506585317765,-109.08648506577009,-2.851266030921284,-0.0543547689038154,0.0323871145139075,2.610495583996088,4.466343888706021,-109.09607782934113,-2.7966648218984997
11.41050624847412,-0.0597351334939176,0.029870442461832,2.607967982581171,5.396582089381514,-110.11608614269883,-1.4437998617574517,-0.05600981904511071,0.0310115773892566,2.615394754260277,5.056467547448115,-109.13151703077918,-1.9814041003624323,-0.0570449511988665,0.0311287784878698,2.6092317832886294,4.931462989043766,-109.60608198602,-2.120232341827979
11.522079229354858,-0.0571305185562837,0.0202553953841103,2.619545230210268,4.073122956431707,-110.30759941172478,-1.1471286572867498,-0.05605883495314728,0.0243638913208962,2.615576283158474,4.448727167546608,-109.1829552131404,-1.465793520562274,-0.0570877348775751,0.02569208693599,2.614388506749449,4.502292972737731,-109.95684069887244,-1.6336804995573626
11.633463621139526,-0.0568016530338552,0.0153111650147605,2.5925316524090425,0.4186675329924298,-110.52544531295165,-1.364687540565276,-0.05609132322733915,0.0187689987728541,2.614568391318086,1.9580133367031396,-109.2416710516415,-1.403306588458257,-0.0569446939557151,0.0205016259753753,2.603460079579245,2.4604802528650893,-110.241143005912,-1.4991840200613176
11.72811222076416,-0.0572752193861523,0.024607229488008,2.6081609367083227,2.60712846338431,-110.55343496709632,-1.834416947643895,-0.056143102316760736,0.0223772237889829,2.614288153762846,2.3591885476038,-109.29904258762691,-1.6697474433371529,-0.0571099566709337,0.0225544277316917,2.6058105081437843,2.533804358124698,-110.39728898650418,-1.666800483852608
11.833935499191284,-0.0600113805327576,0.0280249002502314,2.6105728632977176,1.6254649853782688,-110.61395867955044,-2.8999610237011915,-0.05631228480576571,0.0258676797994972,2.614125662325269,1.905722447801768,-109.356551578667,-2.430061249423833,-0.0585606686018457,0.0252896639909615,2.6081916857207514,2.079634671751485,-110.50562383302731,-2.283380753776896
11.935440301895142,-0.0554730363232439,0.0210300674235476,2.614624899967902,2.588884041578403,-110.36666124350096,-2.7417363813168123,-0.0562755797872422,0.0228778709267632,2.6141474967727563,2.3279395325642724,-109.40072930997144,-2.622687074381803,-0.0570168524625448,0.0231598657072546,2.6114082928443265,2.334259356664951,-110.43614253826412,-2.512558567546858
12.050188064575195,-0.0566437975830895,0.0223287823131925,2.6463658538843418,4.298102887322543,-108.48001653893674,-2.58103947889518,-0.05629168391004322,0.0225385155007409,2.615556576902027,3.545567449194401,-109.36046164312744,-2.5969474448213656,-0.0568303250228171,0.0227443240102236,2.628887073364334,3.3161811219937505,-109.45807953860044,-2.5467990232210163
12.148452758789062,-0.0549600061082554,0.0273869350412831,2.6426997254684617,4.497769267700129,-107.8448659271575,-0.8949581334866394,-0.056233442873238414,0.0255350035685151,2.6167436847088354,4.134060537180396,-109.29417694141016,-1.5450602019274786,-0.0558951655655363,0.0250656295257533,2.6357933994163973,3.90697519484694,-108.651472732879,-1.7208785783538296
12.254222631454468,-0.0573146832488437,0.0157440699779755,2.61858045957451,2.662572706019525,-108.1951489316574,-1.2311854985534492,-0.05628073077365686,0.0194838738279686,2.6168240158071727,3.224631043491112,-109.2461111012373,-1.3510749670335382,-0.05660492440719,0.0204048497518644,2.627186929495454,3.2847739504332374,-108.4233108322682,-1.4760320384536385
12.387503147125244,-0.060984822479146,0.0180453016245392,2.611055248615597,0.6015725713681093,-110.40629414157044,-1.0482382557965106,-0.05648646264729221,0.0185947873109784,2.616571720708099,1.6034917532407178,-109.29685131754073,-1.1639115864478151,-0.0587948734431681,0.0192250756882018,2.619121089055525,1.943173260900672,-109.41480248691931,-1.2621351471250737
12.461660861968994,-0.0597219788730205,0.0205971624603326,2.6211853402910563,3.454575184353935,-109.61980558070252,-0.274420864135406,-0.05662796627610654,0.0198323232115074,2.6167734949745256,2.747524229680465,-109.31097555521725,-0.6141760873810576,-0.0592584261580943,0.0199111190742672,2.620153214673291,2.698874222627296,-109.51730403381092,-0.7682780056302416
12.567197799682615,-0.0545653674813412,0.0162225438846868,2.609125707344081,2.7612152945024637,-108.54909326064704,-1.2114074182553995,-0.05653775992764087,0.0176013568956456,2.6164390242099085,2.7559857730826494,-109.27765515382448,-0.9832853490077316,-0.0569118968197178,0.018066831479477,2.614639461008686,2.73004475856488,-109.03319864722896,-0.9898427119428206
12.66849160194397,-0.0571042093144894,0.0151061047690271,2.598223799160015,1.7725374225743806,-108.31007431152244,-2.1830056128969755,-0.056562533118231305,0.0160592062708949,2.615642396563581,2.148181266288514,-109.23533881422817,-1.72475324908328,-0.0570080530671036,0.0165864681242521,2.60643163008435,2.2512910905696337,-108.67163647937568,-1.586424162419899
12.783817768096924,-0.0641419314944599,0.0307590368600101,2.629289413631424,3.3586352424194,-110.9121772658104,-1.144656397249495,-0.05689401071833112,0.0251442012038335,2.6162392355528543,2.896282965354846,-109.30867370943949,-1.3662336778831836,-0.0605749922807817,0.0236727524921311,2.6178605218578874,2.8049631664945167,-109.79190687259305,-1.3655402798346934
12.896683931350708,-0.0543680481678841,0.0198908438361398,2.628807028313545,2.831490335177641,-109.75699656338293,-1.6712477851850045,-0.05678354052962535,0.0218974477955491,2.616788874120395,2.8562389176848377,-109.32828061543557,-1.5547427632439224,-0.0574715202243329,0.0217817981641354,2.623333775085716,2.8182267508360788,-109.774451717988,-1.518394032509855
13.002849817276,-0.0642077045989456,0.0073593843746542,2.552204239834356,-0.5377154974015816,-110.20595996375177,-2.511816197852012,-0.05710822730072106,0.0129124304708345,2.6139643438200224,0.7586597328936584,-109.36666485250272,-2.1462466755613203,-0.0608396124116393,0.0145705912693948,2.5877690074600364,1.1402556267172417,-109.9902058408699,-2.015105115180932
13.082202434539797,-0.0602481637089062,0.0173617674720946,2.589444386374617,-0.9173589398815664,-110.06266127000484,-2.4425929168088523,-0.05724554826033021,0.0156622719650157,2.6128919959606196,-0.2771767726609155,-109.39710333389579,-2.32939872509057,-0.0605438880602727,0.0159661793707447,2.5886066969173265,0.1114483434178481,-110.02643355543736,-2.228849015994893
13.208896160125732,-0.054460130514164,0.0280704691937277,2.618773413701662,0.1873409216288806,-111.07970948578324,-2.279423754349958,-0.05712373197572858,0.023330959591472,2.6131492114028596,0.0099109507859154,-109.47068972148627,-2.29851249458609,-0.0575020092872184,0.0220183242822362,2.603690055309494,0.1493946325233572,-110.55307152061032,-2.254136385172419
13.303756713867188,-0.0581039605026722,0.0351564399074042,2.627263395296332,1.1616552064173715,-111.79581158359876,-2.042086790773393,-0.057166600789402874,0.0306395083600109,2.61376647391141,0.7217280471136078,-109.57237541327869,-2.140032694040725,-0.0578029848949453,0.0285873820948202,2.615476725302913,0.6555249194703663,-111.17444155210453,-2.148111587972908
13.39899516105652,-0.0608006577865861,0.0376855162714494,2.6638282023915627,4.076443662077629,-111.87493957437852,-1.480883762316303,-0.057325530486185244,0.0349941807342806,2.6159558439003563,2.7950563197513816,-109.67307439082064,-1.7326562505868477,-0.0593018213407657,0.0331364491831348,2.6396524638472374,2.365984290774005,-111.5246905632415,-1.8144976751446027
13.509944915771484,-0.062563376986803,0.0284805896851946,2.6246585145797856,4.850160339979617,-111.23237922137254,-1.3622152805280052,-0.05755459897384662,0.0309685600771283,2.616336440699235,4.065180454668987,-109.74126798895215,-1.503711140265006,-0.0609325991637843,0.0308085194341647,2.632155489213512,3.608072315376802,-111.37853489230702,-1.5883564778363048
13.627232551574709,-0.0571042093144894,0.0283210983829574,2.5982237991600146,3.134048040901199,-108.2629666251376,-2.01983645043809,-0.057534901963315975,0.0293323387662173,2.6155443157387173,3.489708974933769,-109.67661704298665,-1.8226941244060464,-0.0590184042391369,0.029564808908561,2.6151896441867635,3.371060178139004,-109.82075075872233,-1.804096464137194
13.733227014541626,-0.0533682969797013,0.017566827717828,2.612212973378507,3.47653812161186,-109.78863320804072,-0.7367334911022656,-0.05735268298066078,0.0220608530433003,2.615398625466147,3.4815689399199847,-109.68151586870144,-1.1515335425799496,-0.0561933506094191,0.0235658183131945,2.6137013087826357,3.423799149875432,-109.80469198338147,-1.2704149776197298
13.83017373085022,-0.0532104415289357,0.0060834539567575,2.627263395296332,0.447306869585077,-110.129993877524,-0.949347854306275,-0.05717152972887944,0.0121862773559953,2.6159175091819864,1.6062918496783851,-109.70112922311293,-1.026575915188026,-0.0547018960691774,0.014824636134976,2.620482352039484,1.935553009730242,-109.96734293045276,-1.1098814159629988
13.924264192581177,-0.0565517152368095,0.0007518875676891,2.619641707273844,0.0099557263541143,-107.97383684720684,-3.191687708097397,-0.05714442332319942,0.0051194358262074,2.6160803798886287,0.6197018679947561,-109.62558938261492,-2.364688592649236,-0.0556268056529934,0.0077882618513325,2.620062029656664,0.9727543680421888,-108.97058988882982,-2.150784562030191
14.035767555236816,-0.0648654356438027,0.0221692910109554,2.627359872359908,3.9690699944184544,-110.00580659322236,-2.5637336586343924,-0.05748208671653349,0.0156568258336453,2.6165736664610093,2.6897252109601624,-109.64221743968913,-2.4877052087210245,-0.0602461206483981,0.014978776431144,2.623710951008286,2.470912181230318,-109.48819824102608,-2.357259110332293
14.16525673866272,-0.0613926157269574,0.0282299604959648,2.6047842394831697,4.088329932393698,-108.34544503894048,-2.3807864158774468,-0.05765310589478159,0.0234274504000882,2.616058079411689,3.5541104656321565,-109.58550568796457,-2.421625760707583,-0.0608193681876777,0.0216043684635544,2.614247595245728,3.279621056812008,-108.91682163998328,-2.3690227631048675
14.242158889770508,-0.0556045825322153,0.02927804619638,2.6228254503718453,3.431057881056088,-109.07984713640988,-1.7256375060046345,-0.05756351789720468,0.0270433174566337,2.6163540365993194,3.478059785960628,-109.56339174095316,-1.9914813635304436,-0.0582119753599465,0.0254412073299672,2.6185365228087862,3.355339468934048,-108.99833438819655,-2.0473301345547554
14.34825611114502,-0.05277633903933,0.0284350207416982,2.629289413631424,3.72264079623006,-109.87926663738598,-1.609441284253604,-0.05735416055272602,0.0279034373890585,2.6169197385013523,3.62921916330993,-109.57720587480276,-1.7553676094726516,-0.0554941571996383,0.0269381140358327,2.623912968220105,3.5389901325820503,-109.4388005127913,-1.828385709404177
14.450004816055298,-0.0562491589561753,0.0298020890465876,2.586164166213039,2.272893975224193,-109.70242842265942,-1.6613587450359777,-0.05730583563509634,0.0290768686462078,2.615574708320287,2.7909640972753422,-109.58268221920754,-1.6972669360070132,-0.0558716580779068,0.0283701015412101,2.605038567216572,2.905942053903111,-109.57061446772536,-1.74487222722008
14.545725107192991,-0.059208948658032,0.0337438026590185,2.581822698352128,1.7739905947689785,-108.74677928782816,-2.019836450438092,-0.057389064217218046,0.0319611924893777,2.6140986362743535,2.1624399070683857,-109.54612579038191,-1.896625859659963,-0.0575403033679694,0.0310569521001143,2.59343063278435,2.33996632433604,-109.15869687777678,-1.88235433882908
14.656135082244871,-0.0561702312307924,0.0291185548941429,2.613949560522871,2.984168568019534,-109.3941806124886,-2.047031310847901,-0.05733576119444558,0.0302043458378243,2.614092116769003,2.670296149066136,-109.53948079687778,-1.9895815405873731,-0.0568552672993809,0.0300877534971286,2.6036900966536107,2.6620674461777902,-109.27643874513268,-1.9646928248384936
14.767518043518066,-0.0488167981492905,0.0237642040333263,2.637007578717489,3.614915777824784,-110.06572174833296,-1.7577768864889585,-0.056963202999667895,0.0262241193102755,2.615094274319256,3.2541031860792806,-109.56249479257808,-1.8463183856041423,-0.0528360327243357,0.0269259787652274,2.6203488376855493,3.138491612001296,-109.6710802467328,-1.861234855663728
14.8630952835083,-0.0533288331170099,0.0204148866863474,2.6495495969823435,3.160130498709094,-109.44607855741596,-1.3671598006025274,-0.05680426187555398,0.0226338161001332,2.6166011016077797,3.196024871270339,-109.55740358615738,-1.5501820940718325,-0.0530824329206729,0.0236704327257875,2.634949217333946,3.1493110553551915,-109.5585794020744,-1.614197328133125
14.980313539505005,-0.0600771536372433,0.0173845519438427,2.6226324962446936,5.530155960144512,-110.67716692177736,-0.919680733859204,-0.05694739448438753,0.0193895924356191,2.6168648711767557,4.6385972183923805,-109.60637393384181,-1.1605108235073835,-0.0565797932789581,0.0205274923348151,2.6287908567893203,4.339733507749859,-110.11787316192591,-1.266939030996161
15.06957721710205,-0.0571173639353866,0.0158579923367163,2.632473156729426,2.516829305138451,-110.14107265442232,-1.191629337957357,-0.056954827715272584,0.0172069435398247,2.617547464369538,3.3272725317625103,-109.62975777735403,-1.1797431231168751,-0.0568485786071723,0.0181927423357657,2.630632006759373,3.4282814064441425,-110.1294729081741,-1.2292841844767644
15.19603157043457,-0.058274970574335,0.0160858370541978,2.6299647530764547,2.424791829754305,-108.65319342917356,-1.6415806647379243,-0.05701256116457852,0.0165140616266993,2.618090506285916,2.769508783730565,-109.58704995380097,-1.465174421119377,-0.0575617745907537,0.0171392896949817,2.6302983799179143,2.9265366180992274,-109.39133316867388,-1.4354324246073489
15.29153037071228,-0.0608006577865861,0.0190933873249544,2.6166509183029936,2.446482978227351,-109.18980145044308,-1.4240217814594072,-0.057178224904284584,0.018108172576277,2.618027549198839,2.569867856686269,-109.56967719929503,-1.4397406910827415,-0.0591812161886699,0.0181163385099681,2.623474649110454,2.6865097981632964,-109.29056730955848,-1.4297271030333736
15.40931510925293,-0.060050844395449,0.0228072562199038,2.617229780684448,2.837414378668317,-111.64742606381938,-1.8541950279419392,-0.057303852303304134,0.0210123659840171,2.617992660629785,2.735220700842987,-109.66054276170901,-1.6958875580465218,-0.0596160302920594,0.0204617973649359,2.620352214897451,2.7619620884158,-110.46899668668893,-1.6419610654876582
15.497852802276611,-0.0555256548068325,0.0241743245247931,2.620510000846026,4.361275696389139,-110.37326066332332,-1.7899162669732824,-0.05722608695441001,0.0229665638332347,2.6181027506735455,3.7401779556670816,-109.69171182835774,-1.7540004960815327,-0.057570842549446,0.0223180609448645,2.6204311078717386,3.561618892402457,-110.42112867500612,-1.7159386662304694
15.60448169708252,-0.0553677993560668,0.0310552349927361,2.602565267020926,2.5463534091800177,-108.62618056974574,-0.8109012922199401,-0.05714481907351848,0.0279656375336276,2.6174232550066954,3.002353809334138,-109.64511329996618,-1.1711331333321038,-0.0564693209527564,0.0266866479688003,2.6114981874463323,3.0539861507912427,-109.52365462237591,-1.263419979225212
15.70533800125122,-0.0554467270814497,0.029870442461832,2.5866465515309187,-0.3965142540525193,-108.79310532076208,-1.4215495214221576,-0.05707055699374194,0.0291428717211962,2.6160773078969672,0.9017378228846552,-109.60785272467496,-1.325898972511741,-0.055958024017103,0.0282785452153161,2.599072369488625,1.3287359483693564,-109.15837997156896,-1.3424847503236863
15.8164381980896,-0.0518555155765301,0.0246527984315043,2.5886725698660102,2.719269618300359,-109.24559224026146,-0.6724547301336123,-0.05684248941466024,0.0263678538161886,2.614878826090579,2.025034248085177,-109.59201011383692,-0.922048220969133,-0.0539067697968166,0.0264656718234102,2.593872469677318,2.024002783334872,-109.2019861059152,-1.0074697402286432
15.912238121032717,-0.0598009065984034,0.026794538775831,2.5876113221666763,3.447898785019195,-108.97019710104844,-2.019836450438085,-0.05697186880867534,0.026631559623736,2.613686346154563,2.9044128932973017,-109.56481658912804,-1.6005186592305185,-0.0568538381976099,0.0266301052996206,2.590741895921997,2.7359507841770245,-109.0860916034818,-1.5136530953333658
16.04935383796692,-0.0599324528073748,0.0350425175486633,2.614046037586447,3.3834847773241066,-108.7511572186802,-2.543955578336341,-0.05710134293748891,0.0318298174992864,2.61370207640738,3.200495600680302,-109.52923312377592,-2.183594741479398,-0.0583931455024924,0.030836311424142,2.6023939667542217,3.059717780750571,-108.918624411081,-2.0288043368348525
16.11850643157959,-0.060695420819409,0.0287540033461724,2.613274221077841,3.909280901508396,-110.00883840359708,-1.9901693299910228,-0.05725852139223181,0.029928859809584,2.6136833651713522,3.6385490073183817,-109.55020752089403,-2.064051262891647,-0.0595442831609507,0.0297951573851572,2.607834093916032,3.4844993411294816,-109.46373140733904,-2.009486833412936
16.229621648788452,-0.0528026482811243,0.0233768680136077,2.569859542468728,2.398805485358235,-109.75694585027098,-1.490772802465317,-0.05706365440361548,0.0258795061856601,2.6117668347525598,2.872345373414518,-109.55924872890708,-1.7097456893299654,-0.0561734657210375,0.0265860126993824,2.58884681819238,2.941652413243858,-109.610338628805,-1.750129817939131
16.340543270111084,-0.0576040849085808,0.0155162252604939,2.6016004963851684,0.2977571155654459,-108.98516872283776,-1.4388553416829453,-0.05708728883988046,0.019474646338944,2.61132223424614,1.281162323027413,-109.53414271214862,-1.5423262472598245,-0.0568887753148091,0.0210511189799382,2.595223657288773,1.6197047644046485,-109.29775367582134,-1.5944925798110408
16.45288872718811,-0.0585117537504835,0.017133922754613,2.6053631018646244,3.000479250571665,-111.25811100741169,-2.272006974238195,-0.057149584398979845,0.0180279996055589,2.6110616258726447,2.3437586216827957,-109.60953633400875,-1.993293737468191,-0.0577002645326464,0.0190925208672756,2.600293379576699,2.3100920074881657,-110.27793234161648,-1.93324977702461
16.556432962417603,-0.0506584450748903,0.0165187420174128,2.5984167532871663,1.8129452841871725,-109.63719383272814,-1.930835089096872,-0.05686571001290561,0.017095227118306,2.6105086327441707,2.015697937428733,-109.6107458682796,-1.9546921698833355,-0.0541793548037683,0.0178056314423442,2.599355066431933,2.061518645837669,-109.95756308717236,-1.932042433060744
16.651344776153564,-0.0532893692543185,0.0147415532210567,2.5627202397641184,0.5943659506224108,-107.76880612588768,-1.1743235176965603,-0.05670930735868265,0.0156405766513725,2.6084187224118893,1.137266460285005,-109.53019306750491,-1.472397819076965,-0.0537343620290434,0.0162735923317004,2.5810376530980257,1.3279422982300275,-108.86318460652996,-1.553182975378654
16.754717350006104,-0.0584328260251007,0.0107087017216331,2.5865500744673424,-0.3911700863246423,-106.144879185988,-2.6107065993422527,-0.05678468129074669,0.01259251031653,2.607462349837213,0.1926407248327279,-109.3821445296546,-2.1759113349733443,-0.056083594027072,0.0134911470266667,2.583793863782684,0.4683861059527032,-107.504031896259,-2.081944787360454
16.857593059539795,-0.0571699824189751,0.0233768680136077,2.6279387347413627,2.416937242301689,-109.01708760100873,-2.1780610928224604,-0.05680153150467595,0.0192576099201605,2.6083578350586536,1.567331573686566,-109.36617964688271,-2.177239958391686,-0.0566267882230236,0.0184340075201372,2.6058662992620234,1.4426616741271978,-108.26055974863384,-2.1300029400914617
16.964255809783936,-0.0590379385863692,0.0262021425103789,2.615300239412932,2.216710732903721,-110.28773610516905,-2.160755272561678,-0.05689933535638788,0.0235495670968969,2.6086614443127774,1.9686699656685995,-109.40648168846012,-2.1670518622548656,-0.0578323634046964,0.0223180750152581,2.6105832693374778,1.8296862035154573,-109.27414792690148,-2.1453791063265677
17.072402238845825,-0.0556835102575982,0.0266350474735939,2.631508386093668,5.167754426725587,-109.12115139039996,-0.9295697740082254,-0.056846164192257194,0.0254564988413165,2.6096605999417615,3.945812895483456,-109.39400345937543,-1.4022458712492458,-0.0567579368311473,0.024476561244426,2.6210458277155726,3.4987203151205293,-109.1976496586507,-1.5374744401673972
17.167860507965088,-0.0604060191596719,0.0138985277663749,2.567158184688606,1.4752309664586818,-109.45435704434088,0.2348647035393138,-0.057001845810339104,0.0183132798760144,2.6078018599538777,2.4189092913548613,-109.39664287695015,-0.3904558926880437,-0.0585819779954096,0.0191875445054004,2.594102006202089,2.486975640789602,-109.3260033514958,-0.6513048683140372
17.28010368347168,-0.0599587620491691,0.0085213924338101,2.567930001197212,1.0254633315006745,-110.827195129524,-1.1941015979946066,-0.057131159357524906,0.0122615606227189,2.6060581610891593,1.5577123266787538,-109.45920460385526,-0.8871362534803868,-0.0592703700222893,0.0138544684696053,2.5810160036996503,1.7562194861451452,-110.07659924050988,-0.9227032331543265
17.375620365142822,-0.0585906814758664,0.0153567339582568,2.5732362396938817,-0.3848450377360279,-108.25311820851604,-2.051975830922416,-0.05719498800715288,0.0141744829451537,2.6046227741946897,0.3571458503740032,-109.40645934910252,-1.6070467037806253,-0.0589305257490778,0.0146056012139311,2.5771261216967662,0.6856872242045533,-109.16485872451292,-1.4873395320383729
17.486671686172485,-0.0616162442822088,0.0190933873249544,2.570534881913759,1.956925540754053,-107.7375388069903,-2.5810394788951783,-0.057388340884858065,0.0172145330392813,2.6031320232276833,1.345864073540671,-109.33347317291108,-2.209007343598252,-0.0602733850156433,0.0168494942694428,2.5738305018052623,1.3213063824793103,-108.45119876575164,-2.034189505466779
17.592413187026978,-0.0643129415661228,0.0260882201516382,2.572657377312427,2.6978916372387225,-110.01502549572892,-2.9667120447071067,-0.05769117141894048,0.0226987732802497,2.601799288861721,2.181463061632776,-109.36327920266272,-2.6772946023191047,-0.0622931632908831,0.0214688572105405,2.573243939558844,2.00959900985902,-109.23311213074024,-2.5004507750869305
17.697651386260986,-0.0554204178396554,0.020209826440614,2.5792178176355813,2.020883808565926,-107.87905700741078,-3.1892154480601373,-0.05759186555017599,0.0211605195371632,2.600811743300393,2.0822196253493885,-109.29837036540111,-2.993679084536655,-0.0588567905652692,0.0208393418255773,2.576230878597213,2.015241409212468,-108.5560845690755,-2.844833111573534
17.798892498016357,-0.0546837590694155,0.01259981287673,2.601600496385168,4.407741898239156,-107.64534207074314,-2.8826552034404003,-0.05746468661248144,0.0158697118532979,2.600846237491059,3.5194714315901727,-109.22607920829098,-2.925062552456245,-0.0567702748173424,0.0167195773511536,2.5889156874911903,3.211491653725801,-108.10071331990932,-2.8637441575069715
17.89937686920166,-0.0562623135770724,0.0223971357284369,2.629675321885727,2.943247036446369,-108.80118095523903,-2.1731165727479578,-0.05741210376508922,0.0199038816671114,2.6021070070696672,3.1633451702444546,-109.20749732118982,-2.460334379292684,-0.0565162941972074,0.0195583565397953,2.609295504688459,3.077369345086076,-108.45094713757416,-2.5184303651274647
18.011229991912842,-0.0575383118040951,0.023422436957104,2.6401913218154904,2.0123233243292624,-108.54509898953214,-2.3140353948715475,-0.05741762316515732,0.0220784684276225,2.6037725314772833,2.4519745476752317,-109.17852894939941,-2.369916634400824,-0.0570273030006513,0.0214903967484496,2.6247434132519745,2.544846334707664,-108.49802306355316,-2.4162328799995034
18.10655617713928,-0.0539997187827641,0.0163364662434275,2.6235007898168763,2.0987168207329177,-108.67443152416004,-1.9061124887243144,-0.05726814947708996,0.0185297159143139,2.6046352986010084,2.2336492656363447,-109.15648348151448,-2.0832699082496315,-0.0555135108917077,0.0189134314959386,2.6241221015344256,2.321781577720291,-108.58622729385658,-2.1611726843619063
18.217544078826904,-0.0538813271946899,0.0246983673750007,2.6171333036208733,0.9547739295687734,-108.33768030593006,-1.8912789285007816,-0.057120035093141404,0.02234215218177,2.605181868264177,1.4432608405726484,-109.1206751284878,-1.964612957231452,-0.0546974190431988,0.0218058994354696,2.6206277025776488,1.6382777536445303,-108.46195379989328,-2.026225806431341
18.313873291015625,-0.0531972869080385,0.0283438828547056,2.5999603863043794,2.2291355003560795,-108.95850314401176,-2.756569941540354,-0.05694848330617771,0.026051425728967,2.6049535195355475,1.9289580912160675,-109.11358293382744,-2.4540692911622184,-0.0539473529756187,0.0250748911450876,2.610294044441014,1.9337066270003085,-108.71022847195256,-2.391397873985852
18.42538928985596,-0.0551310161799183,0.0268628921910755,2.6034335605931083,2.618863885503228,-108.48656524564711,-2.2373953337166057,-0.05686900083352813,0.0265529395832807,2.604887047854533,2.3553433211210333,-109.08616185119463,-2.320157420983886,-0.0545391845777685,0.0259688916680816,2.6068638025170614,2.276285256251768,-108.59839685879986,-2.3143966038512254
18.536625862121586,-0.0605507199895404,0.032650148015107,2.599767432177228,2.663624873116195,-108.82084912052883,-2.3511192954303777,-0.05703001179823406,0.0303212216306418,2.6046631540092404,2.545871798358608,-109.07455904910597,-2.339292911747222,-0.0575449522836544,0.0293095198415943,2.603315617347145,2.469955064683983,-108.70962298966435,-2.3327579496408006
18.632888317108154,-0.0642340138407399,0.0388475243306054,2.6102834321069905,2.638816716838008,-110.68033653751128,-2.259645674051912,-0.057345061166424634,0.0355907664975893,2.604908943093322,2.603314917060459,-109.14478379088031,-2.290068211741474,-0.0608894830621972,0.0340785220860998,2.606799524727068,2.5543858907609973,-109.6949797635878,-2.296201811846357
18.74387788772583,-0.049606075403119,0.0356576982858636,2.613563652268568,3.247400486836358,-109.70933874394836,-3.495775692679871,-0.05700661560333391,0.0356321326176706,2.605287435574093,3.0013816908453066,-109.16947321722513,-3.035236415451422,-0.0552477792326581,0.0348681101859817,2.610181588497817,2.900893188798676,-109.70215925376807,-2.895988752263112
18.84972047805786,-0.0461069462444795,0.0287767878179205,2.6301577072036064,4.7178193921198215,-109.38039526065894,-3.4759976123818266,-0.05652994530299629,0.0313952965268252,2.6063750758920525,4.062198529804707,-109.1786973753607,-3.3076418160764973,-0.0506773627385688,0.0318224490019511,2.6201696478507124,3.809356290459263,-109.54127725721348,-3.185993182322468
18.95513653755188,-0.0477249646148278,0.0313514331254621,2.620606477909602,2.894504020321793,-108.06803017481796,-3.0037959452659404,-0.056144881079237895,0.0313681874539207,2.6069974513366967,3.340523634467619,-109.13012507082338,-3.119854740574265,-0.0492011636766983,0.0315869410637067,2.620388062880157,3.351930155390516,-108.80465371601574,-3.094894563794199
19.061619997024536,-0.0585249083713806,0.0322400275236402,2.623114881562573,2.55187644757277,-110.51388916127408,-2.276951494312698,-0.05624896573093794,0.0319070142497614,2.607702307586412,2.8531128678346107,-109.19064059678608,-2.5989118851569977,-0.0538630360240395,0.0319134842936735,2.621751472221365,2.95190330148165,-109.65927143864492,-2.685923029053452
19.15747833251953,-0.0511188568062902,0.0346323970571966,2.5933999459812247,3.1901434455351314,-110.89618475898706,-1.817111127383102,-0.056024613012331755,0.033591393457111,2.6070768289161257,3.0614092201015417,-109.26522838334444,-2.115732444422303,-0.0524909464151648,0.033272940675435,2.6075757091012948,3.0710233735083854,-110.27772809881596,-2.251517078218278
19.26945996284485,-0.0532893692543185,0.0273185816260386,2.57603407453758,1.600728115336004,-108.4126111731471,-1.693498125520307,-0.05590499384350926,0.0297145825404758,2.605719250285028,2.158658650631697,-109.22794126342733,-1.8547772841242016,-0.0528901578347417,0.0302957611507368,2.5918048918194376,2.335875744422204,-109.3451696359815,-1.9725076018692889
19.3693790435791,-0.0598009065984034,0.0224199202001851,2.6139495605228715,3.4979409298494097,-108.3892023023022,-2.462370997106897,-0.05607537201872105,0.0252062332777223,2.606079182688029,2.9863806197186697,-109.1912610750694,-2.2302908500982586,-0.0563455322165725,0.026357840675461,2.602877226171154,2.916908337135812,-108.86718596914184,-2.217439299488096
19.49223756790161,-0.0585906814758664,0.0280249002502314,2.63951598237046,2.477657561720676,-108.4572515161836,-2.375841895802939,-0.0561853728985944,0.0269482652696997,2.607541458979627,2.671972479015121,-109.15916097021609,-2.3202463434418465,-0.0574681068462195,0.0271913704628461,2.621196604270807,2.6972829494282387,-108.66221874266272,-2.296640597645517
19.57200050354004,-0.051842360955633,0.0240376176943042,2.6224395421175424,3.136396141411673,-108.8121219267782,-1.221296458404426,-0.05599544194233391,0.0251493861388328,2.6081929900400973,2.9590020875558984,-109.143984070349,-1.6410579625559318,-0.0546552339009262,0.0256144940785752,2.6218180731941745,2.916839545419954,-108.73717033472047,-1.7589685280249745
19.691495656967163,-0.0572752193861523,0.0168605090936351,2.5907950652646776,3.605921185588976,-109.43855305598868,-1.3152423398201485,-0.05605140986385595,0.0200265783963318,2.607432134554497,3.358820078111769,-109.15686632104872,-1.4396928336395067,-0.0559652266435392,0.0212375015861052,2.6063065692294263,3.2613803655044578,-109.08786169535458,-1.537105433922564
19.778091192245483,-0.0586696092012492,0.0201414730253695,2.6044948082924417,2.786457558779798,-108.42004295953232,-1.656414224961468,-0.056165910376884766,0.020097587182202,2.607303677809766,3.0050805872780906,-109.12464316229213,-1.57363401956564,-0.0573174179223943,0.0206894873057373,2.605400688760934,3.0239189621421296,-108.75395232744344,-1.5967598294420124
19.89959406852722,-0.0541575742335298,0.0152428115995161,2.596004826697771,2.2086855505115324,-111.19093716202325,-0.2818376442471724,-0.05607808073236789,0.017097170864349,2.606809550330211,2.5128813860846364,-109.21500745119079,-0.7752599530749116,-0.055737496077962,0.0179661494526267,2.600702757729353,2.6163022563268328,-109.97244474473337,-0.9392987368445952
20.000101566314697,-0.0645628793631684,0.0151288892407753,2.5930140377269217,-1.2084612879963783,-109.94430608605133,-1.0556550359082788,-0.05644914254144533,0.0158807059215486,2.606206237501413,0.2129651297171477,-109.24690153407765,-0.9485536445442744,-0.0601501877205652,0.016547519346701,2.5968583977281368,0.7039204841652236,-109.95837541539233,-0.9974768863764414
20.11103916168213,-0.0659309599364711,0.0247895052619933,2.623307835689724,0.6623011665124032,-111.52912159297784,-1.2435467987397306,-0.05686380651258434,0.0213866467128961,2.6069541338510422,0.4906700728267914,-109.34670881713429,-1.1308694402856003,-0.0630405738285182,0.0206685123043471,2.610083116708931,0.6831108253388294,-110.74374850418506,-1.120511842558086
20.210756540298465,-0.0566569522039866,0.0305084076707803,2.651093229999556,4.119872418083723,-110.53085075163249,-1.6588864849987246,-0.056854760248033966,0.0270242050221204,2.608884448687029,2.7336404742464104,-109.39849435294101,-1.4572019205575906,-0.0598487630162524,0.0255884599875637,2.630588173354244,2.401491621711269,-110.6372996279088,-1.389699163778408
20.30210375785828,-0.0570910546935923,0.0343134144527224,2.650224936427374,3.4477313853714584,-110.73447030538568,-1.127350576988702,-0.05686509400453116,0.0315291842013486,2.610692373256625,3.174972928379063,-109.45691997587959,-1.2533425789972004,-0.0584699088549223,0.029950937220143,2.6404065548908084,2.924611503541364,-110.68588496664722,-1.258524870383555
20.4130973815918,-0.054552212860444,0.0389842311610943,2.6402877988790663,2.077718212885109,-109.7957970948895,-1.8813898883517552,-0.056763945835845146,0.0361366566101981,2.6119866564111422,2.496832219887714,-109.47173993326696,-1.6414971627212296,-0.0565110608576832,0.0344675841906187,2.640347176884937,2.501164858213233,-110.24084103076832,-1.5699573793676471
20.530913829803467,-0.0541181103708384,0.033812156074263,2.6200276155281466,3.2748864624870286,-109.45085448198188,-1.9456686493204085,-0.0566482367292717,0.0347000362721228,2.6123383079812146,2.977696186905145,-109.47082655942322,-1.829485479848108,-0.0553145856142608,0.0341398701324408,2.6301873962065416,2.888025660350141,-109.8458477563751,-1.757813014344034
20.629435300827023,-0.0529210398691986,0.0251312723382156,2.5959083496341955,1.7118750332325303,-109.84245607444856,-1.411660481273131,-0.05648523694234968,0.028786214930644,2.6116197841655313,2.195375690256867,-109.487078862169,-1.5712554293793932,-0.0541178127417296,0.0296355712353282,2.6130478729203683,2.2999503467913343,-109.84415191541184,-1.5847367478085808
20.73173141479492,-0.0564990967532209,0.0275464263435201,2.621281817354632,2.342751459350815,-111.26477547432272,-1.2954642595221042,-0.05648584306708512,0.0280199834449372,2.6120423294199373,2.286458924675077,-109.56482205064064,-1.4008071126104973,-0.0553084547474753,0.0285909987894242,2.6171648451375007,2.3213509030710817,-110.55446369486728,-1.4401005036653434
20.827077865600582,-0.0569463538637237,0.0310096660492398,2.6280352118049386,2.2891581987163256,-109.42086052529127,-1.3102978197456403,-0.05650598237392478,0.0298677089099705,2.612741738788736,2.288127167777525,-109.55852624747321,-1.3448692933222954,-0.0561274043055995,0.029800332419332,2.6226000284712194,2.3052545508937072,-109.98766211007924,-1.3751991617054848
20.943381547927856,-0.0570252815891066,0.0341994920939816,2.6419279089598544,3.75666059874364,-107.68777525878602,-1.5080786227261065,-0.05652869264756312,0.0325448981495846,2.6140181241397307,3.1957307417300638,-109.47671355525222,-1.4457382061749282,-0.0565763429473531,0.0319999122566568,2.6322639687155376,3.030957574818654,-108.83771868443264,-1.4416388922157992
21.04660153388977,-0.059024783965472,0.0324678722411218,2.650224936427374,5.7054234650671525,-109.96418372658378,-2.076698431294972,-0.0566378530603747,0.0324972935201402,2.615601539997778,4.746806146070675,-109.49803186390307,-1.8356930708484016,-0.0578005634564125,0.0322338922488893,2.641244452571456,4.368190519942907,-109.40095120550818,-1.7591686617553854
21.1542866230011,-0.0592221032789292,0.0279793313067351,2.622439542117542,3.779793448394148,-109.66702902728798,-1.2756861792240528,-0.05675086888553343,0.0297050393123682,2.6159005831966344,4.149159431353848,-109.5054225390522,-1.4895897778903713,-0.0585113333676708,0.0301066117778122,2.631841997344499,4.073991984168522,-109.53399011639809,-1.517427420489723
21.255821704864506,-0.0572357555234608,0.0242654624117857,2.597162551460681,2.346286023704497,-110.14807006795851,-0.8207903323689685,-0.056772074209606095,0.0263431959033894,2.615081121482566,3.034922388013204,-109.53352714752978,-1.0762489889010585,-0.0578735444455658,0.0271860370947989,2.6145022744025903,3.2101390039365114,-109.8410300921783,-1.169108876429343
21.367176294326782,-0.0553414901142725,0.0227616872764075,2.593689377171952,2.824997886941272,-110.39727038032989,-0.8257348524434764,-0.056709511134200676,0.0241297018409136,2.6141456061803034,2.905181911279385,-109.57130083254478,-0.921422737907946,-0.0566075172799192,0.0249738621856032,2.604095825787271,3.0175684454388936,-110.11915023625409,-0.997421864436415
21.46281385421753,-0.0530394314572728,0.0233312990701113,2.591277450582557,2.449850142933286,-110.99574052334896,-0.9320420340454856,-0.05654900923019914,0.0236362617918457,2.6131455236650614,2.623771402283904,-109.6335951974183,-0.9279858238575436,-0.054823474368596,0.0241525806278572,2.597686638184914,2.7337092941860845,-110.55744537980152,-0.9647319492409548
21.57425355911255,-0.0596035872849462,0.0332881132240554,2.599188569795773,1.5954304066681502,-110.3508285871954,-1.77755496678701,-0.05668259368503771,0.0296014340313156,2.6125351506313983,1.98822171496845,-109.66496163482739,-1.4530484299810702,-0.0572135308267711,0.0287203469259563,2.598437603990344,2.164569850427114,-110.45413698349849,-1.3711434580139803
21.676276922225952,-0.0552757170097868,0.0350425175486634,2.603915945910987,2.0779982773952987,-110.3497647002312,-1.8838621483890083,-0.05662106739563814,0.0329642085806634,2.6121582109227863,2.043706681941373,-109.69490981175359,-1.719305950776901,-0.056244623918279,0.0318814322373098,2.6011767749506656,2.121284063911212,-110.40195084186482,-1.6275028032014962
21.782088041305546,-0.0534998431886728,0.0290957704223947,2.6047842394831697,3.8528175946777417,-108.81587034351514,-1.6786645652967689,-0.05648456833574329,0.0305733823154763,2.6118357284279523,3.161798715430802,-109.65646718377536,-1.6941881932002918,-0.0548722335534758,0.0304886013298523,2.602980507216917,2.9870508292944784,-109.60891059269,-1.653083684249136
21.88549017906189,-0.0604849468850547,0.0283894517982019,2.6224395421175424,4.090991200315582,-109.49566129833096,-1.2410745387024722,-0.056659515047120385,0.0292236390267326,2.612299460124886,3.736071253180573,-109.64943473410047,-1.4141485539539662,-0.0576785902192653,0.0294390265640271,2.612710024667229,3.539021014805023,-109.55228594551048,-1.4470791114758033
21.988930702209476,-0.060603338473129,0.0280932536654759,2.6033370835295324,3.4255348426633283,-110.19357144551134,-1.0828498963180948,-0.05683198845914605,0.0285250224530906,2.6119075126403546,3.54414919673653,-109.6732312140865,-1.2093947231077795,-0.0591409643461971,0.0287661401147515,2.6080235540983807,3.482277928734181,-109.87292869551092,-1.26496450389695
22.094659328460693,-0.0617083266284888,0.025176841281712,2.61607205592154,1.824016188148576,-111.60406679417152,-1.4289663015339222,-0.05704524310837219,0.0264557326886862,2.6120896386918657,2.4810485322585585,-109.75767155641819,-1.3450974215386005,-0.060424645487343,0.0269714906982317,2.61204780500996,2.6531470584413768,-110.73849774484124,-1.3469654027154334
22.20789074897766,-0.0562754681979695,0.0210072829517995,2.607196166072565,0.8102965544921261,-109.56440507341613,-1.9184737889105925,-0.05701157889710679,0.0230884055652947,2.6118756347098557,1.448467023227792,-109.74921952241918,-1.699463504920443,-0.0583500568426563,0.0239893868250156,2.6096219855412626,1.731721806466748,-110.1514514091287,-1.6327195958130165
22.305354833602905,-0.0555519640486268,0.0250857033947193,2.5813403130342487,0.230786229085588,-111.13028335539184,-1.354798500416246,-0.05694774623392738,0.0243228035095355,2.6105402475660324,0.6958989049999467,-109.80961695025518,-1.4864488174042112,-0.0569510104456416,0.0245375451098675,2.595481149287756,0.9812540177761696,-110.64086738226028,-1.4937590481146312
22.40221261978149,-0.0608532762701747,0.0249717810359785,2.6231148815625724,5.181445219982365,-110.51541608904073,-1.6440529247751865,-0.057118544978122604,0.0247238936788121,2.61109016823631,3.4681189857709107,-109.84048333854047,-1.5838535125260638,-0.0589021433579081,0.024754663072923,2.609298015425164,3.081349618879255,-110.5781417356505,-1.5689059864449106
22.513960361480716,-0.0618004089747688,0.0187288357769839,2.6069067348818376,7.460306502465411,-107.77633933849684,-0.5760365886806316,-0.05732329477727337,0.0210187441309587,2.610907216074585,5.935426560551154,-109.75021308085465,-0.960988399152221,-0.0603512761663384,0.0217417494249534,2.6081023751535004,5.270828060672343,-109.1772405370737,-1.0724712875627702
22.613736391067505,-0.0697194907548478,0.0108909774956183,2.584234624941523,1.0455752867578916,-106.5240856374195,-3.283161329475861,-0.05786541189914133,0.0147594401201912,2.609740755947303,2.913332273414941,-109.60912633718117,-2.3961701978471712,-0.0650353834605931,0.0163163634602858,2.596168500047512,3.1582016737151086,-107.85066308724656,-2.1778163085193167
22.73021125793457,-0.0755732970540756,0.0044885409343866,2.6320872484751225,2.1160134645792787,-111.2231680300479,-3.4562195320837734,-0.05863982267367997,0.0084116753283403,2.610718024798737,2.420562149684926,-109.67971247813331,-3.051316716157096,-0.0703043402573344,0.0104024521973362,2.614127874261317,2.63710756914719,-109.53691555864724,-2.817017920301547
22.83558964729309,-0.0694695529578021,0.0074960912051431,2.6122129733785067,3.3344005713203835,-108.88737911782552,-2.3189799149460555,-0.05911343427320253,0.0078458132206447,2.6107834026954615,2.98534535448119,-109.64506172873463,-2.598707681796304,-0.0698869466075682,0.0089492717012397,2.613170423819912,2.9857540702337886,-109.2121473382364,-2.5679989176237985
22.926541328430176,-0.0807167538248577,0.0041467738581642,2.563877964527028,2.0183568373905736,-109.44221546886546,-3.829530797709424,-0.06005820228254994,0.005559681168908,2.6087321088033355,2.387713584188326,-109.6361907468153,-3.3593982015696566,-0.075301850216213,0.006548022779702,2.58852419417347,2.5020554538121864,-109.3271814035509,-3.198764857666609
23.038299322128296,-0.0815191856995833,0.0048530924823571,2.5987061844778943,4.046652849684651,-110.52426675417392,-4.321510545123351,-0.06099674557090882,0.0051229853445534,2.6082936496795206,3.4129944355368416,-109.67502856519772,-3.954016330881656,-0.0784105179578981,0.0057005576310295,2.593615189325682,3.274354151748419,-109.9257240788624,-3.7601377013949806
23.144028902053837,-0.0767440583139211,0.0008202409829335,2.5963907349520747,4.629513788346504,-110.38859498807824,-4.108896181919337,-0.06168541553494222,0.0024637430841703,2.6077731050005,4.164844743545235,-109.70623463640493,-4.049737342995465,-0.0775772881359097,0.0032603993069815,2.595002962138878,3.951933970047453,-110.1571595334703,-3.934516941657157
23.24425506591797,-0.0767966767975097,-0.0033265328752307,2.599670955113652,5.87487320077792,-110.9447840823903,-3.683667455511328,-0.06234626935271424,-0.0011148442629809,2.607418777417127,5.22170045184458,-109.76039954796704,-3.8234937102724103,-0.0771869824667096,-3.3066784124593935e-05,2.597336958626265,4.913403585412691,-110.5509718079303,-3.8090921985842394
23.361003398895264,-0.0780595204036352,-0.0118934942525373,2.617905120129479,6.196875148309346,-111.52713933559058,-3.478469872419086,-0.06303344971193352,-0.0077764163093654,2.607877371805304,5.824391559228673,-109.8376635640495,-3.610257251550123,-0.0776232514351724,-0.0059632805183309,2.607621039377872,5.55513936686101,-111.03905557176044,-3.643781035501666
23.450860738754272,-0.0810061554845948,-0.0167238022631463,2.581919175415704,2.369478688573817,-110.05950707663472,-4.420400946613586,-0.06381944176187195,-0.0133062049392654,2.606742153978281,3.689137976994495,-109.847365344039,-4.110953590870769,-0.0793147034598836,-0.0113435413907386,2.5947701073967884,3.962309027717424,-110.54928132419758,-4.032090991057622
23.56533789634705,-0.0848867686492515,-0.0109137619673665,2.5632026250819977,1.5365247710568326,-110.83671168790744,-5.152189917641337,-0.06474076944903986,-0.0118275938664861,2.604838059848407,2.358749851093151,-109.89063197125171,-4.754473031136072,-0.0821007360545675,-0.0111286516790525,2.5789863662393926,2.749416899387125,-110.69299650605252,-4.592140454349482
23.66587328910828,-0.0818875150847033,-0.0085897458490547,2.586067689149464,2.9675631546482717,-110.63327294144356,-4.35364992560768,-0.0654906401649036,-0.009826493741307,2.604017183886745,2.7350171654933213,-109.92310954616768,-4.5067507284432375,-0.0819941255696354,-0.0098591987640536,2.582527027694428,2.858490027017691,-110.66313472374806,-4.472895189978583
